story_id_code,collection
1326,i_Life_skills
799,i_Wings_of_Words
799,i_Nature
1064,i_Life_skills
1064,i_Wings_of_Words
1404,i_Animal
1404,i_Wings_of_Words
1404,i_Funny
693,i_Animal
693,i_Wings_of_Words
213,i_Audio
213,i_Festivals
213,i_Culture/History
1521,i_Video
1472,i_Adventure
1472,i_Funny
207,i_Funny
207,i_Animal
375,i_Life_skills
375,i_Family/Friends
1563,i_Adventure
1563,i_Funny
1438,i_Life_skills
1438,i_Family/Friends
504,i_Family/Friends
588,i_Nature
588,i_Family/Friends
1903,i_Funny
1903,i_Life_skills
357,i_Funny
357,i_Family/Friends
1063,i_Audio
1063,i_Family/Friends
1063,i_Funny
1011,i_Life_skills
1011,i_Family/Friends
1528,i_Adventure
1528,i_Animal
1559,i_Culture/History
1559,i_Family/Friends
766,i_Math_&_Numbers
766,i_Funny
1781,i_Adventure
464,i_Culture/History
464,i_Family/Friends
1152,i_Animal
1152,i_Adventure
1152,i_Nature
1208,i_Family/Friends
1389,i_Adventure
1389,i_Science
1353,i_Adventure
1353,i_Family/Friends
983,i_Math_&_Numbers
983,i_Life_skills
1654,i_Science
1654,i_Life_skills
1400,i_Funny
759,i_Funny
759,i_Animal
949,i_Adventure
1045,i_Adventure
1045,i_Nature
1054,i_Adventure
1054,i_Science
199,i_Nature
199,i_Life_skills
157,i_Adventure
157,i_Science
1882,i_Audio
1882,i_Family/Friends
916,i_Animal
916,i_Audio
916,i_Funny
1157,i_Adventure
1157,i_Audio
427,i_Family/Friends
427,i_Animal
297,i_Life_skills
297,i_Family/Friends
1114,i_Audio
1114,i_Life_skills
1114,i_Family/Friends
632,i_Life_skills
632,i_Family/Friends
1084,i_Life_skills
1084,i_Animal
1844,i_Audio
1844,i_Life_skills
1844,i_Animal
1159,i_Nature
1159,i_Science
429,i_Family/Friends
429,i_Animal
514,i_Funny
514,i_Family/Friends
860,i_Audio
860,i_Family/Friends
860,i_Funny
311,i_Funny
311,i_Family/Friends
1922,i_Audio
1922,i_Family/Friends
688,i_Adventure
688,i_Science
1639,i_Funny
340,i_Nature
340,i_Science
1031,i_Life_skills
1031,i_Family/Friends
1714,i_Animal
1644,i_Science
1644,i_Life_skills
652,i_Adventure
652,i_Life_skills
1969,i_Funny
680,i_Life_skills
680,i_Family/Friends
1086,i_Festivals
1597,i_Adventure
1597,i_Animal
1037,i_Family/Friends
1037,i_Animal
1747,i_Life_skills
1572,i_Nature
1572,i_Animal
1894,i_Science
1894,i_Life_skills
1894,i_Nature
1281,i_Funny
1775,i_Adventure
1775,i_Life_skills
382,i_Life_skills
382,i_Family/Friends
551,i_Funny
551,i_Life_skills
596,i_Funny
1656,i_Nature
1656,i_Animal
581,i_Funny
1607,i_Adventure
1607,i_Funny
323,i_Funny
323,i_Family/Friends
216,i_Adventure
216,i_Funny
510,i_Adventure
510,i_Funny
1179,i_Funny
1179,i_Audio
1886,i_Funny
273,i_Audio
273,i_Life_skills
273,i_Family/Friends
1377,i_Life_skills
1377,i_Family/Friends
1721,i_Non-Fiction
491,i_Adventure
491,i_Life_skills
1081,i_Nature
1081,i_Animal
1121,i_freadom_Treasures
178,i_Funny
178,i_Life_skills
1758,i_Animal
836,i_Animal
1455,i_Funny
123,i_Adventure
1004,i_Adventure
984,i_Nature
984,i_Animal
572,i_Adventure
572,i_Family/Friends
339,i_Adventure
339,i_Nature
433,i_Animal
433,i_Audio
433,i_Funny
487,i_Nature
487,i_Animal
1259,i_Life_skills
1259,i_Family/Friends
935,i_Funny
935,i_Animal
1546,i_Adventure
151,i_Adventure
151,i_Wings_of_Words
699,i_Funny
699,i_Life_skills
28,i_Adventure
28,i_Animal
1792,i_Adventure
1715,i_Funny
1715,i_Animal
247,i_Culture/History
247,i_Nature
1836,i_Life_skills
1836,i_Family/Friends
1470,i_Animal
794,i_Adventure
794,i_Culture/History
1137,i_Adventure
1137,i_Culture/History
547,i_Funny
547,i_Life_skills
1745,i_Life_skills
1745,i_Sports_&_Games
133,i_Animal
475,i_Nature
475,i_Life_skills
236,i_Nature
35,i_Nature
35,i_Science
295,i_Nature
295,i_Animal
1156,i_Adventure
1156,i_Animal
107,i_Nature
107,i_Animal
412,i_Adventure
1211,i_Funny
834,i_Nature
834,i_Animal
534,i_Science
534,i_Life_skills
1359,i_Science
1359,i_Family/Friends
1359,i_Funny
830,i_Nature
830,i_Animal
797,i_Nature
797,i_Animal
86,i_Nature
86,i_Animal
1766,i_Science
1766,i_Animal
676,i_Nature
676,i_Animal
1818,i_Science
1238,i_Wings_of_Words
1238,i_Family/Friends
1513,i_Animal
1513,i_Wings_of_Words
1513,i_Adventure
305,i_Funny
305,i_Wings_of_Words
116,i_Science
116,i_Animal
742,i_Funny
1000,i_Adventure
1000,i_Funny
1291,i_Adventure
772,i_Animal
322,i_Family/Friends
1749,i_Life_skills
1749,i_Sports_&_Games
1778,i_Culture/History
1778,i_Sports_&_Games
988,i_Family/Friends
26,i_Adventure
26,i_Nature
1101,i_Life_skills
465,i_Life_skills
1891,i_Math_&_Numbers
1891,i_Family/Friends
1080,i_Adventure
1080,i_Science
1318,i_Funny
1318,i_Family/Friends
928,i_Funny
928,i_Animal
533,i_Life_skills
533,i_Family/Friends
533,i_Culture/History
1591,i_Poetry
959,i_Funny
32,i_Family/Friends
955,i_Funny
1616,i_Funny
208,i_Funny
354,i_Life_skills
354,i_Animal
1204,i_Funny
1204,i_Family/Friends
1178,i_Math_&_Numbers
1178,i_Funny
862,i_Life_skills
515,i_Animal
515,i_Life_skills
515,i_Family/Friends
1533,i_Adventure
1533,i_Science
215,i_Funny
215,i_Animal
57,i_Adventure
57,i_Funny
1407,i_Life_skills
1206,i_Life_skills
1206,i_Video
257,i_Math_&_Numbers
257,i_Sports_&_Games
394,i_Life_skills
394,i_Family/Friends
1381,i_Family/Friends
438,i_Funny
438,i_Family/Friends
950,i_Funny
260,i_Life_skills
348,i_Culture/History
1355,i_Animal
1355,i_Family/Friends
1355,i_Nature
1405,i_Funny
1405,i_Animal
1319,i_Funny
1319,i_Life_skills
657,i_Math_&_Numbers
657,i_Funny
131,i_Nature
131,i_Life_skills
1358,i_Life_skills
994,i_Life_skills
994,i_Family/Friends
1003,i_Funny
561,i_Nature
561,i_Animal
1096,i_Science
1096,i_Life_skills
1096,i_Nature
865,i_Funny
865,i_Animal
393,i_Funny
393,i_Animal
426,i_Funny
426,i_Animal
423,i_Nature
423,i_Science
1506,i_Family/Friends
1618,i_Family/Friends
1618,i_Animal
1674,i_Funny
1060,i_Life_skills
1060,i_Family/Friends
1397,i_Life_skills
1397,i_Family/Friends
1163,i_Adventure
1163,i_Family/Friends
0,i_Nature
0,i_Animal
1819,i_Funny
1287,i_Life_skills
1287,i_Family/Friends
1816,i_Funny
1816,i_Life_skills
1017,i_Family/Friends
1017,i_Animal
877,i_Life_skills
877,i_Family/Friends
1917,i_Adventure
1917,i_Life_skills
1112,i_Life_skills
1112,i_Animal
1357,i_Funny
1357,i_Family/Friends
1872,i_Life_skills
1475,i_Life_skills
1475,i_Family/Friends
929,i_Animal
1260,i_Adventure
211,i_Nature
211,i_Animal
678,i_Nature
678,i_Animal
355,i_Funny
1547,i_Funny
762,i_Adventure
762,i_Animal
1659,i_Life_skills
1659,i_Animal
1617,i_Funny
1796,i_Nature
1796,i_Life_skills
388,i_Adventure
388,i_Family/Friends
1697,i_Nature
1697,i_Family/Friends
1272,i_Adventure
1272,i_Funny
1111,i_Funny
1111,i_Animal
1177,i_Science
1177,i_Funny
1840,i_Adventure
1840,i_Family/Friends
198,i_Adventure
198,i_Nature
418,i_Adventure
418,i_Funny
509,i_Life_skills
509,i_Family/Friends
1580,i_Adventure
1580,i_Life_skills
812,i_Animal
1288,i_Life_skills
1288,i_Sports_&_Games
1879,i_Adventure
1879,i_Animal
173,i_Adventure
173,i_Family/Friends
779,i_Adventure
779,i_Family/Friends
1934,i_Life_skills
1934,i_Family/Friends
1168,i_Culture/History
1168,i_Nature
1465,i_Funny
1465,i_Family/Friends
502,i_Funny
502,i_Family/Friends
1453,i_Funny
1453,i_Family/Friends
1698,i_Adventure
1698,i_Family/Friends
1633,i_Adventure
1633,i_Animal
1369,i_Sports_&_Games
294,i_Funny
294,i_Family/Friends
1491,i_Adventure
1491,i_Life_skills
50,i_Funny
50,i_Life_skills
1664,i_freadom_Treasures
1368,i_Life_skills
1368,i_Family/Friends
997,i_Math_&_Numbers
997,i_Life_skills
1640,i_Life_skills
1640,i_Family/Friends
468,i_Nature
468,i_Life_skills
1410,i_Funny
964,i_Funny
964,i_Family/Friends
1961,i_Animal
1710,i_Science
1710,i_Life_skills
112,i_Math_&_Numbers
498,i_Math_&_Numbers
498,i_Life_skills
1023,i_Life_skills
1023,i_Family/Friends
1424,i_Culture/History
1424,i_Funny
1887,i_Nature
1887,i_Animal
1276,i_Nature
1276,i_Funny
861,i_Nature
861,i_Life_skills
700,i_Math_&_Numbers
700,i_Sports_&_Games
1242,i_Nature
1242,i_Science
1344,i_Nature
1344,i_Animal
1154,i_Family/Friends
505,i_Life_skills
505,i_Family/Friends
692,i_Math_&_Numbers
692,i_Life_skills
697,i_Math_&_Numbers
524,i_Science
524,i_Funny
913,i_Funny
913,i_Animal
758,i_Life_skills
758,i_Family/Friends
18,i_Nature
18,i_Animal
847,i_Adventure
847,i_Animal
921,i_Adventure
921,i_Science
1059,i_Math_&_Numbers
1059,i_Life_skills
1125,i_Nature
1125,i_Science
845,i_Funny
845,i_Life_skills
1320,i_Life_skills
1732,i_Science
1732,i_Animal
1268,i_Nature
1268,i_Science
991,i_Adventure
991,i_Life_skills
301,i_Life_skills
301,i_Animal
1561,i_Adventure
1561,i_Animal
993,i_Adventure
993,i_Animal
1079,i_Nature
1079,i_Science
244,i_Adventure
244,i_Animal
1729,i_Funny
1729,i_Animal
1479,i_Funny
1479,i_Animal
1097,i_Science
1097,i_Life_skills
778,i_Funny
778,i_Animal
1830,i_Funny
1444,i_Adventure
1444,i_Life_skills
562,i_Animal
1501,i_Adventure
1501,i_Funny
1396,i_Adventure
1396,i_Animal
442,i_Nature
442,i_Animal
960,i_Funny
960,i_Animal
1153,i_Adventure
1153,i_Funny
911,i_Family/Friends
911,i_Animal
482,i_Funny
482,i_Animal
1010,i_Funny
1010,i_Animal
1667,i_Funny
1667,i_Animal
1239,i_Funny
1239,i_Animal
1329,i_Science
1329,i_Life_skills
1072,i_Math_&_Numbers
1072,i_Funny
1090,i_Family/Friends
1090,i_Animal
1186,i_Life_skills
1186,i_Family/Friends
70,i_Family/Friends
70,i_Sports_&_Games
189,i_Adventure
189,i_Life_skills
27,i_Math_&_Numbers
27,i_Life_skills
1150,i_Life_skills
1150,i_Sports_&_Games
1227,i_Family/Friends
520,i_Family/Friends
520,i_Sports_&_Games
1406,i_Life_skills
1253,i_Adventure
1253,i_Animal
1258,i_Family/Friends
837,i_Nature
573,i_Nature
1314,i_Nature
1314,i_Science
1458,i_Life_skills
73,i_Family/Friends
73,i_Sports_&_Games
620,i_Adventure
620,i_Funny
13,i_Nature
13,i_Science
1035,i_Adventure
1035,i_Nature
415,i_Funny
415,i_Sports_&_Games
448,i_Math_&_Numbers
448,i_Funny
21,i_Life_skills
21,i_Sports_&_Games
403,i_Nature
403,i_Funny
472,i_Family/Friends
472,i_Math_&_Numbers
472,i_Art_and_Music
1459,i_Math_&_Numbers
1002,i_Adventure
1002,i_Life_skills
1356,i_Adventure
1356,i_Life_skills
674,i_Adventure
674,i_Family/Friends
1181,i_Life_skills
218,i_Nature
218,i_Animal
1665,i_Math_&_Numbers
1665,i_Life_skills
1730,i_Science
1367,i_Adventure
1367,i_Animal
637,i_Adventure
637,i_Family/Friends
1364,i_Adventure
1364,i_Nature
1130,i_Science
1130,i_Animal
1550,i_Nature
1550,i_Animal
1568,i_Adventure
1568,i_Family/Friends
1279,i_Funny
1279,i_Family/Friends
480,i_Family/Friends
480,i_Animal
337,i_Funny
337,i_Life_skills
1132,i_Funny
1504,i_Animal
1104,i_Adventure
1104,i_Science
1250,i_Adventure
422,i_Video
422,i_Animal
422,i_Nature
1565,i_Adventure
1565,i_Video
365,i_Video
365,i_Family/Friends
1230,i_Funny
1230,i_Video
884,i_Funny
884,i_Video
646,i_Video
646,i_Family/Friends
646,i_Funny
1846,i_Life_skills
1846,i_Video
1237,i_Video
1237,i_Family/Friends
682,i_Adventure
682,i_Video
548,i_Funny
548,i_Video
1196,i_Adventure
1196,i_Video
933,i_Nature
933,i_Video
6,i_Video
6,i_Family/Friends
1055,i_Video
1055,i_Animal
1378,i_Funny
1378,i_Video
668,i_Nature
668,i_Video
43,i_Adventure
43,i_Animal
792,i_Adventure
792,i_Video
972,i_Video
972,i_Family/Friends
1652,i_Life_skills
1652,i_Video
567,i_Life_skills
567,i_Video
179,i_Life_skills
179,i_Video
1859,i_Life_skills
1859,i_Video
523,i_Life_skills
523,i_Video
628,i_Life_skills
628,i_Video
954,i_Life_skills
954,i_Video
906,i_Video
906,i_Sports_&_Games
623,i_Video
623,i_Animal
1586,i_Animal
1586,i_Video
1586,i_Nature
329,i_Funny
329,i_Video
1727,i_Video
1727,i_Animal
1831,i_Funny
1831,i_Video
530,i_Science
530,i_Life_skills
1699,i_Culture/History
1699,i_Video
85,i_Video
85,i_Animal
749,i_Science
749,i_Life_skills
1316,i_Video
1316,i_Family/Friends
254,i_Video
254,i_Animal
227,i_Video
227,i_Animal
1118,i_Life_skills
1118,i_Video
1313,i_Life_skills
1313,i_Video
279,i_Life_skills
279,i_Video
1706,i_Nature
1706,i_Video
1680,i_Video
1680,i_Animal
1611,i_Video
1611,i_Animal
1959,i_Video
1959,i_Animal
1797,i_Life_skills
1797,i_Video
1593,i_Life_skills
1593,i_Video
1005,i_Adventure
1005,i_Video
1484,i_Video
1484,i_Family/Friends
1365,i_Life_skills
1365,i_Video
11,i_Life_skills
11,i_Video
1908,i_Nature
1908,i_Animal
1509,i_Culture/History
1509,i_Animal
237,i_Culture/History
237,i_Animal
1439,i_Culture/History
1439,i_Animal
1306,i_Culture/History
1306,i_Animal
896,i_Culture/History
896,i_Animal
1849,i_Adventure
1849,i_Animal
1243,i_Animal
1243,i_Adventure
1243,i_Culture/History
1471,i_Funny
1471,i_Animal
1199,i_Culture/History
1199,i_Animal
1323,i_Culture/History
1323,i_Animal
868,i_Culture/History
868,i_Animal
611,i_Culture/History
611,i_Animal
201,i_Adventure
1301,i_Adventure
1301,i_Animal
1409,i_Culture/History
1409,i_Animal
45,i_Family/Friends
457,i_Life_skills
285,i_Adventure
285,i_Family/Friends
1695,i_Culture/History
1695,i_Life_skills
125,i_Adventure
125,i_Math_&_Numbers
200,i_Life_skills
318,i_Funny
324,i_Funny
859,i_Animal
859,i_Adventure
859,i_Nature
128,i_Funny
470,i_Science
470,i_Family/Friends
470,i_Sports_&_Games
1641,i_Funny
1374,i_Adventure
1374,i_Math_&_Numbers
648,i_Adventure
283,i_Funny
88,i_Animal
88,i_Funny
88,i_Adventure
378,i_Life_skills
378,i_Animal
1756,i_Life_skills
1332,i_Life_skills
461,i_Life_skills
1760,i_Funny
1948,i_Adventure
1948,i_Funny
366,i_Animal
366,i_Life_skills
366,i_Funny
924,i_Funny
924,i_Animal
1210,i_Science
655,i_Animal
1564,i_Funny
1564,i_Animal
1566,i_Family/Friends
1437,i_Animal
1386,i_Life_skills
1448,i_Nature
1448,i_Life_skills
751,i_Animal
973,i_Funny
973,i_Life_skills
887,i_Life_skills
979,i_Family/Friends
979,i_Animal
1865,i_Life_skills
1865,i_Family/Friends
493,i_Funny
493,i_Family/Friends
1088,i_Nature
1088,i_Animal
940,i_Family/Friends
940,i_Animal
1688,i_Funny
1688,i_Animal
87,i_Life_skills
87,i_Animal
1261,i_Nature
1261,i_Animal
796,i_Science
313,i_Funny
313,i_Animal
803,i_Animal
1650,i_Funny
1650,i_Animal
363,i_Math_&_Numbers
363,i_Family/Friends
684,i_Funny
684,i_Family/Friends
1724,i_Animal
1676,i_Adventure
1676,i_Funny
74,i_Adventure
74,i_Funny
808,i_Family/Friends
1808,i_Nature
1808,i_Funny
1858,i_Nature
1858,i_Science
687,i_Adventure
135,i_Funny
135,i_Family/Friends
995,i_freadom_Treasures
809,i_Nature
809,i_Animal
707,i_Nature
707,i_Animal
925,i_Funny
1957,i_Life_skills
714,i_Funny
193,i_Adventure
193,i_Animal
1416,i_Nature
1416,i_Animal
492,i_Funny
492,i_Animal
1833,i_Nature
1833,i_Wings_of_Words
715,i_Life_skills
715,i_Family/Friends
715,i_Wings_of_Words
586,i_Family/Friends
1053,i_Life_skills
1053,i_Wings_of_Words
462,i_Adventure
462,i_Family/Friends
1207,i_Life_skills
1207,i_Wings_of_Words
920,i_Wings_of_Words
350,i_Family/Friends
350,i_Wings_of_Words
350,i_Adventure
1051,i_Wings_of_Words
1051,i_Family/Friends
1051,i_Nature
661,i_Wings_of_Words
661,i_Family/Friends
1286,i_Family/Friends
1286,i_Wings_of_Words
1286,i_Adventure
1523,i_Family/Friends
1523,i_Wings_of_Words
1523,i_Adventure
1158,i_Nature
1158,i_Wings_of_Words
1289,i_Life_skills
1289,i_Wings_of_Words
214,i_Family/Friends
613,i_Family/Friends
946,i_Culture/History
946,i_Family/Friends
1687,i_Life_skills
1317,i_Funny
402,i_Nature
402,i_Family/Friends
163,i_Animal
844,i_Science
1077,i_Funny
508,i_Funny
508,i_Family/Friends
419,i_Science
419,i_Life_skills
734,i_Nature
734,i_Wings_of_Words
1299,i_Animal
1634,i_Life_skills
1398,i_Funny
788,i_Life_skills
1070,i_Funny
1070,i_Family/Friends
1478,i_Funny
576,i_Nature
155,i_Family/Friends
282,i_Adventure
622,i_Adventure
622,i_Animal
716,i_Family/Friends
1033,i_Life_skills
1033,i_Animal
919,i_Nature
919,i_Family/Friends
1246,i_Family/Friends
172,i_Adventure
264,i_Wings_of_Words
264,i_Animal
246,i_Family/Friends
108,i_Life_skills
108,i_Family/Friends
1691,i_Family/Friends
1225,i_Funny
1853,i_Life_skills
1613,i_Culture/History
142,i_Life_skills
142,i_Family/Friends
235,i_Nature
1549,i_Nature
1403,i_Nature
1403,i_Animal
1120,i_Life_skills
1120,i_Wings_of_Words
853,i_Nature
853,i_Life_skills
1277,i_Funny
801,i_Science
750,i_Adventure
750,i_Funny
1579,i_Nature
1601,i_Nature
768,i_Life_skills
768,i_Animal
1741,i_Animal
101,i_Funny
101,i_Animal
1481,i_Adventure
1481,i_Family/Friends
1014,i_Adventure
568,i_Nature
568,i_Science
604,i_Science
380,i_Adventure
1955,i_Science
182,i_Animal
48,i_Family/Friends
209,i_Nature
209,i_Family/Friends
1962,i_Life_skills
985,i_Family/Friends
96,i_Science
1283,i_Science
38,i_Science
1916,i_Family/Friends
1146,i_Family/Friends
1102,i_Funny
261,i_Adventure
261,i_Culture/History
386,i_Adventure
1867,i_Science
619,i_Funny
1025,i_Funny
1555,i_Family/Friends
814,i_Funny
1636,i_Family/Friends
961,i_Life_skills
1527,i_Animal
1527,i_Life_skills
1527,i_Funny
1570,i_Adventure
1147,i_Nature
517,i_Culture/History
1893,i_Nature
649,i_Science
649,i_Family/Friends
1007,i_Family/Friends
1402,i_Adventure
1402,i_Animal
1956,i_Adventure
410,i_Adventure
690,i_Science
690,i_Family/Friends
745,i_Nature
529,i_Life_skills
1545,i_Science
1545,i_Life_skills
395,i_Math_&_Numbers
1973,i_Science
1334,i_Nature
1334,i_Life_skills
1093,i_Animal
1815,i_Animal
1681,i_Funny
1681,i_Animal
100,i_Nature
100,i_Animal
171,i_Adventure
171,i_Life_skills
540,i_Life_skills
1769,i_Culture/History
1769,i_Math_&_Numbers
944,i_Culture/History
1539,i_Family/Friends
603,i_Sports_&_Games
706,i_Life_skills
1871,i_Life_skills
1871,i_Animal
873,i_Family/Friends
873,i_Animal
1925,i_Life_skills
1925,i_Animal
863,i_Nature
863,i_Animal
879,i_Nature
879,i_Life_skills
821,i_Nature
821,i_Life_skills
735,i_Life_skills
1543,i_Life_skills
343,i_Life_skills
443,i_Life_skills
667,i_Science
1235,i_Adventure
907,i_Funny
600,i_Funny
1709,i_Adventure
1709,i_Family/Friends
918,i_Adventure
496,i_Life_skills
1577,i_Culture/History
780,i_Adventure
1450,i_Adventure
1450,i_Nature
927,i_Adventure
1275,i_Animal
1028,i_Life_skills
441,i_Math_&_Numbers
441,i_Life_skills
281,i_Adventure
857,i_Adventure
857,i_Animal
1508,i_Adventure
1508,i_Funny
176,i_Sports_&_Games
1100,i_Sports_&_Games
1001,i_Funny
1001,i_Animal
1571,i_Adventure
1785,i_Adventure
1666,i_Animal
1216,i_Life_skills
1615,i_Life_skills
507,i_Nature
507,i_Animal
1880,i_Science
1880,i_Life_skills
1944,i_Culture/History
1798,i_Culture/History
356,i_Culture/History
1042,i_Animal
306,i_Science
602,i_Culture/History
602,i_Audio
807,i_Audio
807,i_Animal
1904,i_Culture/History
1904,i_Audio
1203,i_Life_skills
1203,i_Audio
1514,i_Audio
1514,i_Animal
669,i_Life_skills
669,i_Audio
1762,i_Culture/History
1762,i_Audio
249,i_Audio
249,i_Animal
1970,i_Audio
1970,i_Animal
333,i_Adventure
333,i_Audio
205,i_Family/Friends
205,i_Animal
1950,i_Audio
1950,i_Animal
701,i_Culture/History
701,i_Audio
841,i_Life_skills
841,i_Video
1642,i_Audio
1642,i_Animal
571,i_Culture/History
571,i_Audio
1013,i_Culture/History
1013,i_Audio
1622,i_Audio
1622,i_Animal
1581,i_Audio
1581,i_Animal
898,i_Audio
898,i_Animal
757,i_Life_skills
757,i_Audio
598,i_Life_skills
595,i_Adventure
595,i_Life_skills
1197,i_Animal
1247,i_Life_skills
1247,i_Sports_&_Games
479,i_Life_skills
854,i_Science
1530,i_Science
817,i_Science
191,i_Life_skills
191,i_Audio
726,i_Culture/History
726,i_Audio
912,i_Audio
912,i_Animal
1972,i_Audio
1972,i_Animal
645,i_Audio
645,i_Festivals
645,i_Culture/History
1434,i_Culture/History
1434,i_Audio
275,i_Audio
275,i_Animal
1952,i_Culture/History
1952,i_Audio
1952,i_Animal
497,i_Culture/History
497,i_Audio
29,i_Culture/History
29,i_Audio
1266,i_Life_skills
1266,i_Audio
1905,i_Life_skills
1905,i_Audio
1482,i_Life_skills
1482,i_Audio
1500,i_Funny
1500,i_Audio
996,i_Culture/History
996,i_Audio
1233,i_Audio
1233,i_Animal
1191,i_Nature
1191,i_Life_skills
1165,i_Life_skills
82,i_Nature
82,i_Life_skills
391,i_Life_skills
391,i_Audio
1738,i_Audio
1738,i_Animal
1567,i_Culture/History
1567,i_Audio
1912,i_Audio
1474,i_Audio
1474,i_Animal
1454,i_Audio
1454,i_Animal
319,i_Audio
319,i_Animal
531,i_Audio
531,i_Animal
1789,i_Culture/History
1789,i_Audio
938,i_Audio
938,i_Adventure
938,i_Culture/History
1490,i_Culture/History
1490,i_Audio
277,i_Culture/History
277,i_Audio
1218,i_Audio
1218,i_Culture/History
1218,i_Nature
1172,i_Life_skills
1172,i_Audio
67,i_Audio
67,i_Life_skills
67,i_Adventure
663,i_Audio
663,i_Festivals
663,i_Culture/History
1524,i_Culture/History
1524,i_Audio
948,i_Culture/History
948,i_Audio
704,i_Culture/History
704,i_Audio
1047,i_Culture/History
1047,i_Audio
263,i_Audio
263,i_Animal
367,i_Culture/History
367,i_Audio
1372,i_Nature
1372,i_Audio
880,i_Culture/History
880,i_Audio
775,i_Culture/History
775,i_Audio
1774,i_Life_skills
1774,i_Audio
1008,i_Audio
1008,i_Animal
686,i_Culture/History
686,i_Audio
383,i_Life_skills
383,i_Audio
713,i_Audio
713,i_Animal
1684,i_Audio
1684,i_Animal
666,i_Audio
666,i_Animal
557,i_Animal
1512,i_Adventure
15,i_Life_skills
1898,i_Family/Friends
1731,i_Animal
1170,i_Life_skills
1058,i_Culture/History
1058,i_Life_skills
3,i_Animal
1126,i_Family/Friends
1126,i_Animal
800,i_Family/Friends
800,i_Animal
897,i_Family/Friends
897,i_Animal
1469,i_Life_skills
1469,i_Animal
1496,i_Adventure
1496,i_Nature
1391,i_Family/Friends
1391,i_Animal
454,i_Nature
454,i_Animal
401,i_Animal
1670,i_Nature
1703,i_Animal
456,i_Family/Friends
303,i_Culture/History
341,i_Family/Friends
1584,i_Math_&_Numbers
1584,i_Animal
1857,i_Nature
1857,i_Animal
385,i_Life_skills
385,i_Family/Friends
1649,i_Life_skills
781,i_Life_skills
1551,i_Animal
582,i_Animal
1270,i_Animal
1936,i_Life_skills
1936,i_Animal
892,i_Nature
1071,i_Nature
1071,i_Animal
1057,i_Funny
1057,i_Animal
1943,i_Life_skills
1943,i_Animal
642,i_Life_skills
284,i_Life_skills
284,i_Animal
1255,i_Animal
840,i_Animal
369,i_Animal
601,i_Animal
599,i_Animal
1900,i_Animal
288,i_Animal
1669,i_Animal
1451,i_Wings_of_Words
1451,i_Animal
302,i_Family/Friends
302,i_Funny
302,i_Adventure
272,i_Adventure
272,i_Family/Friends
1384,i_Animal
903,i_Animal
1127,i_Adventure
1127,i_Family/Friends
406,i_Adventure
406,i_Family/Friends
170,i_Family/Friends
170,i_Animal
1763,i_Science
1763,i_Family/Friends
538,i_Animal
1873,i_Life_skills
1873,i_Animal
1142,i_Nature
1142,i_Wings_of_Words
1526,i_Wings_of_Words
194,i_Wings_of_Words
194,i_Family/Friends
647,i_Wings_of_Words
1594,i_Wings_of_Words
1594,i_Family/Friends
774,i_Wings_of_Words
774,i_Family/Friends
882,i_Wings_of_Words
882,i_Family/Friends
698,i_Wings_of_Words
698,i_Animal
1966,i_Wings_of_Words
1966,i_Family/Friends
835,i_Life_skills
835,i_Wings_of_Words
60,i_Funny
60,i_Wings_of_Words
335,i_Nature
335,i_Wings_of_Words
1914,i_Life_skills
1914,i_Wings_of_Words
527,i_Nature
527,i_Wings_of_Words
1933,i_Wings_of_Words
398,i_Culture/History
398,i_Wings_of_Words
1294,i_Animal
1924,i_Funny
377,i_Family/Friends
1768,i_Life_skills
709,i_Adventure
709,i_Family/Friends
1343,i_Wings_of_Words
63,i_Wings_of_Words
352,i_Wings_of_Words
641,i_Wings_of_Words
1029,i_Wings_of_Words
1975,i_Wings_of_Words
849,i_Wings_of_Words
1520,i_Wings_of_Words
1520,i_Poetry
574,i_Wings_of_Words
1201,i_Wings_of_Words
937,i_Wings_of_Words
937,i_Family/Friends
1382,i_Adventure
1382,i_Animal
326,i_Wings_of_Words
1600,i_Wings_of_Words
24,i_Wings_of_Words
753,i_Adventure
753,i_Wings_of_Words
1200,i_Wings_of_Words
1422,i_Wings_of_Words
370,i_Wings_of_Words
1518,i_Adventure
1518,i_Nature
1488,i_Adventure
1488,i_Family/Friends
1486,i_Nature
1599,i_Animal
89,i_Sports_&_Games
1300,i_Culture/History
1300,i_Family/Friends
486,i_Adventure
486,i_Culture/History
62,i_Adventure
62,i_Culture/History
1890,i_Adventure
1890,i_Culture/History
1310,i_Adventure
1310,i_Culture/History
146,i_Wings_of_Words
729,i_Adventure
729,i_Animal
1976,i_Family/Friends
1976,i_Animal
196,i_Adventure
196,i_Funny
1770,i_Family/Friends
1770,i_Animal
1495,i_Adventure
1495,i_Animal
1717,i_Adventure
1717,i_Family/Friends
149,i_Adventure
149,i_Family/Friends
990,i_Animal
609,i_Life_skills
609,i_Family/Friends
40,i_Life_skills
40,i_Family/Friends
353,i_Life_skills
58,i_Adventure
58,i_Funny
307,i_Funny
307,i_Animal
72,i_Funny
72,i_Animal
99,i_Life_skills
267,i_Life_skills
267,i_Sports_&_Games
855,i_Adventure
1043,i_Funny
1043,i_Family/Friends
145,i_Nature
1009,i_Funny
1009,i_Animal
1304,i_Science
1827,i_Video
1827,i_Animal
190,i_Life_skills
190,i_Video
1945,i_Life_skills
1945,i_Video
516,i_Nature
516,i_Video
656,i_Video
656,i_Family/Friends
1136,i_Life_skills
1136,i_Video
1292,i_Life_skills
1292,i_Video
234,i_Life_skills
234,i_Video
1162,i_Adventure
1162,i_Family/Friends
951,i_Culture/History
951,i_Animal
1930,i_Culture/History
1930,i_Animal
848,i_Nature
848,i_Animal
795,i_Life_skills
795,i_Family/Friends
1915,i_Video
1915,i_Animal
965,i_Life_skills
965,i_Video
1308,i_Life_skills
1308,i_Video
736,i_Adventure
736,i_Video
1098,i_Adventure
1598,i_Adventure
1598,i_Animal
563,i_Life_skills
720,i_Life_skills
899,i_Life_skills
899,i_Family/Friends
156,i_Life_skills
291,i_Culture/History
291,i_Nature
1340,i_Nature
1340,i_Life_skills
97,i_Life_skills
97,i_Family/Friends
626,i_Life_skills
626,i_Family/Friends
1661,i_Funny
1661,i_Animal
269,i_Adventure
269,i_Nature
1342,i_Adventure
1342,i_Funny
1476,i_Adventure
1476,i_Nature
525,i_Funny
525,i_Life_skills
1224,i_Adventure
1224,i_Animal
1685,i_Funny
1685,i_Animal
12,i_Life_skills
1965,i_Animal
20,i_Animal
589,i_Life_skills
589,i_Animal
376,i_Animal
440,i_Adventure
440,i_Family/Friends
1155,i_Life_skills
1155,i_Family/Friends
174,i_Animal
140,i_Math_&_Numbers
1603,i_Family/Friends
290,i_Animal
1041,i_Animal
1883,i_Life_skills
1428,i_Family/Friends
1428,i_Animal
1974,i_Funny
1782,i_Math_&_Numbers
1435,i_Family/Friends
1963,i_Family/Friends
1116,i_Science
1144,i_Nature
1379,i_Life_skills
1254,i_Life_skills
952,i_Nature
952,i_Animal
1330,i_Life_skills
590,i_Life_skills
111,i_Nature
1464,i_Family/Friends
360,i_Science
19,i_Science
1499,i_Family/Friends
79,i_Animal
672,i_Math_&_Numbers
672,i_Animal
789,i_Life_skills
1122,i_Nature
1122,i_Life_skills
250,i_Nature
250,i_Life_skills
1938,i_Life_skills
1322,i_Life_skills
727,i_Life_skills
320,i_Adventure
320,i_Life_skills
39,i_Animal
315,i_Video
315,i_Animal
1901,i_Life_skills
1901,i_Video
610,i_Life_skills
610,i_Video
1223,i_Nature
1223,i_Video
1726,i_Life_skills
1726,i_Video
842,i_Nature
842,i_Video
828,i_Life_skills
828,i_Video
2,i_Life_skills
2,i_Video
592,i_Video
592,i_Animal
977,i_Life_skills
977,i_Video
1809,i_Adventure
1809,i_Video
583,i_Video
583,i_Animal
1609,i_Audio
1609,i_Wings_of_Words
298,i_Audio
298,i_Wings_of_Words
400,i_Audio
400,i_Wings_of_Words
1662,i_Audio
1662,i_Wings_of_Words
712,i_Audio
712,i_Wings_of_Words
1531,i_Audio
1531,i_Wings_of_Words
612,i_Audio
612,i_Wings_of_Words
1841,i_Audio
1841,i_Wings_of_Words
449,i_Animal
1562,i_Animal
1892,i_Science
1892,i_Animal
1931,i_Life_skills
1931,i_Animal
409,i_Non-Fiction
9,i_Life_skills
1195,i_Culture/History
1173,i_Science
1173,i_Life_skills
1106,i_Math_&_Numbers
1106,i_Life_skills
138,i_Animal
968,i_Nature
968,i_Life_skills
1419,i_Nature
1087,i_Life_skills
1385,i_Nature
1105,i_Life_skills
1390,i_Culture/History
75,i_Life_skills
631,i_Life_skills
942,i_Life_skills
1811,i_Life_skills
1370,i_Audio
1370,i_Wings_of_Words
1582,i_Audio
1582,i_Wings_of_Words
506,i_Audio
506,i_Wings_of_Words
555,i_Audio
555,i_Festivals
555,i_Culture/History
417,i_Life_skills
417,i_Animal
321,i_Nature
321,i_Life_skills
1813,i_Math_&_Numbers
1425,i_Life_skills
435,i_Adventure
1954,i_Nature
1954,i_Family/Friends
1971,i_Nature
1971,i_Family/Friends
1194,i_Life_skills
1433,i_Life_skills
1433,i_Family/Friends
558,i_Family/Friends
164,i_Culture/History
1012,i_freadom_Treasures
536,i_Family/Friends
815,i_Life_skills
815,i_Video
833,i_Life_skills
833,i_Video
1885,i_Life_skills
1885,i_Video
1401,i_Culture/History
1401,i_Video
76,i_Nature
76,i_Video
627,i_Life_skills
1942,i_Family/Friends
931,i_Adventure
1804,i_Family/Friends
1804,i_Animal
1164,i_Life_skills
1164,i_Family/Friends
1083,i_Life_skills
1522,i_Festivals
1522,i_Life_skills
1619,i_Culture/History
36,i_Family/Friends
1234,i_Non-Fiction
463,i_Culture/History
463,i_Art_and_Music
71,i_Culture/History
1493,i_Non-Fiction
776,i_Non-Fiction
618,i_Non-Fiction
1540,i_Non-Fiction
1251,i_Non-Fiction
685,i_Nature
685,i_Family/Friends
452,i_Life_skills
452,i_Family/Friends
1065,i_Life_skills
1657,i_Family/Friends
1657,i_Animal
1713,i_Science
1713,i_Non-Fiction
864,i_Non-Fiction
424,i_Science
424,i_Non-Fiction
175,i_Family/Friends
545,i_Non-Fiction
545,i_Animal
1869,i_Sports_&_Games
117,i_Family/Friends
489,i_Adventure
489,i_Non-Fiction
330,i_Family/Friends
330,i_Non-Fiction
330,i_Art_and_Music
300,i_Nature
300,i_Science
1620,i_Culture/History
1620,i_Non-Fiction
503,i_Non-Fiction
1089,i_Animal
1089,i_Video
1089,i_Adventure
1793,i_Animal
1793,i_Audio
1793,i_Family/Friends
1350,i_Audio
1350,i_Family/Friends
1078,i_Funny
1078,i_Family/Friends
280,i_Math_&_Numbers
280,i_Non-Fiction
41,i_Sports_&_Games
109,i_Math_&_Numbers
109,i_Non-Fiction
1826,i_Funny
1468,i_Funny
1468,i_Animal
1188,i_Video
1188,i_Animal
1911,i_Animal
1911,i_Audio
1911,i_Funny
1228,i_Life_skills
1228,i_Wings_of_Words
1228,i_freadom_Treasures
1256,i_Wings_of_Words
1256,i_Family/Friends
1092,i_Wings_of_Words
659,i_Wings_of_Words
659,i_Family/Friends
905,i_Wings_of_Words
905,i_Animal
499,i_Wings_of_Words
499,i_Animal
1557,i_Wings_of_Words
1557,i_Animal
347,i_Wings_of_Words
347,i_Family/Friends
229,i_Life_skills
229,i_Wings_of_Words
633,i_Wings_of_Words
1673,i_Wings_of_Words
1673,i_Family/Friends
1850,i_Sports_&_Games
1653,i_Sports_&_Games
1556,i_Sports_&_Games
1148,i_Life_skills
1148,i_Animal
1175,i_Nature
1175,i_Family/Friends
4,i_Nature
4,i_Life_skills
1854,i_Family/Friends
1854,i_Sports_&_Games
413,i_Life_skills
413,i_Family/Friends
437,i_Life_skills
437,i_Animal
177,i_Family/Friends
177,i_Animal
1492,i_Family/Friends
1492,i_Animal
292,i_Science
292,i_Non-Fiction
1264,i_Family/Friends
1264,i_Sports_&_Games
785,i_Life_skills
992,i_Non-Fiction
992,i_Animal
696,i_Non-Fiction
696,i_Animal
739,i_Non-Fiction
1821,i_Non-Fiction
1821,i_Animal
932,i_Science
932,i_Non-Fiction
1932,i_Science
1932,i_Non-Fiction
1771,i_Science
1771,i_Non-Fiction
364,i_Science
364,i_Non-Fiction
1596,i_Non-Fiction
893,i_Adventure
893,i_Non-Fiction
1068,i_Video
1068,i_Non-Fiction
55,i_Life_skills
55,i_Video
1232,i_Video
1232,i_Sports_&_Games
917,i_Science
317,i_Non-Fiction
585,i_Non-Fiction
585,i_Animal
132,i_Science
132,i_Non-Fiction
1558,i_Non-Fiction
1558,i_Family/Friends
1746,i_Non-Fiction
476,i_Non-Fiction
636,i_Non-Fiction
653,i_Nature
653,i_Science
982,i_Science
982,i_Non-Fiction
274,i_Adventure
274,i_Non-Fiction
1302,i_Non-Fiction
1302,i_Animal
936,i_Adventure
936,i_Non-Fiction
484,i_Science
484,i_Non-Fiction
1021,i_Non-Fiction
1021,i_Animal
1399,i_Non-Fiction
1399,i_Animal
1595,i_Non-Fiction
1595,i_Animal
98,i_Non-Fiction
98,i_Animal
1024,i_Non-Fiction
1024,i_Animal
731,i_Non-Fiction
731,i_Animal
1677,i_Science
1677,i_Non-Fiction
1626,i_Adventure
1335,i_Science
1335,i_Non-Fiction
683,i_Math_&_Numbers
683,i_Video
553,i_Video
953,i_Animal
953,i_Life_skills
953,i_Sports_&_Games
969,i_Adventure
969,i_Video
436,i_Video
381,i_Adventure
381,i_Video
1140,i_Festivals
1140,i_Video
168,i_Festivals
168,i_Video
1039,i_Festivals
1039,i_Video
1415,i_Festivals
1415,i_Video
1863,i_Video
1863,i_Family/Friends
1755,i_Life_skills
1755,i_Video
349,i_Life_skills
349,i_Video
1015,i_Science
1015,i_Video
1015,i_Non-Fiction
1728,i_Science
1728,i_Video
1728,i_Non-Fiction
1773,i_freadom_Treasures
1716,i_Video
1716,i_Animal
1426,i_Animal
1426,i_Life_skills
1426,i_Sports_&_Games
289,i_Life_skills
289,i_Animal
1205,i_Culture/History
1290,i_Culture/History
1921,i_Festivals
900,i_Video
900,i_Animal
217,i_Video
217,i_Animal
891,i_Culture/History
891,i_Family/Friends
1683,i_Life_skills
1683,i_Non-Fiction
782,i_Adventure
782,i_Family/Friends
210,i_Life_skills
210,i_Animal
34,i_Life_skills
34,i_Animal
1803,i_Life_skills
1803,i_Animal
95,i_Life_skills
95,i_Family/Friends
1949,i_Funny
1949,i_Video
615,i_Video
615,i_Non-Fiction
1135,i_Funny
1135,i_Animal
765,i_Adventure
765,i_Family/Friends
894,i_Family/Friends
1960,i_Life_skills
1960,i_Family/Friends
804,i_Nature
804,i_Life_skills
1786,i_Adventure
1786,i_Audio
1832,i_Life_skills
1532,i_Life_skills
373,i_Family/Friends
373,i_Animal
314,i_Festivals
1856,i_Science
1856,i_Non-Fiction
1895,i_Audio
1895,i_Family/Friends
1115,i_Audio
1115,i_Family/Friends
336,i_Life_skills
336,i_Audio
5,i_Audio
5,i_Family/Friends
1940,i_Funny
1940,i_Animal
1587,i_Family/Friends
1587,i_Animal
77,i_Family/Friends
1907,i_Science
1907,i_Funny
764,i_Science
764,i_Audio
764,i_Funny
1851,i_Family/Friends
806,i_Audio
806,i_Family/Friends
407,i_Animal
1764,i_Audio
1764,i_Family/Friends
232,i_Life_skills
232,i_Audio
1046,i_Life_skills
1046,i_Family/Friends
93,i_Animal
93,i_Science
93,i_Art_and_Music
787,i_Funny
787,i_Animal
881,i_Life_skills
881,i_Family/Friends
1282,i_Life_skills
1282,i_Family/Friends
1928,i_Adventure
1928,i_Funny
14,i_Adventure
14,i_Funny
252,i_Audio
252,i_Funny
252,i_Adventure
1541,i_Animal
1280,i_Family/Friends
1280,i_Animal
119,i_Animal
119,i_Audio
119,i_Funny
1834,i_Family/Friends
1834,i_Animal
1535,i_Video
1535,i_Non-Fiction
1825,i_Nature
1825,i_Video
1671,i_Life_skills
1671,i_Video
1420,i_Video
1420,i_Animal
1184,i_Life_skills
1184,i_Video
1748,i_Video
1748,i_Non-Fiction
1835,i_Festivals
1835,i_Video
752,i_Adventure
752,i_Video
248,i_Life_skills
248,i_Animal
910,i_Animal
494,i_Life_skills
494,i_Non-Fiction
1876,i_Animal
754,i_Adventure
754,i_Animal
513,i_Life_skills
513,i_Animal
1460,i_Family/Friends
1351,i_Life_skills
1351,i_Family/Friends
1366,i_Life_skills
733,i_Funny
733,i_Family/Friends
744,i_Science
744,i_Family/Friends
866,i_Non-Fiction
909,i_Family/Friends
909,i_Animal
1759,i_Nature
1759,i_Funny
471,i_Family/Friends
974,i_Adventure
974,i_Animal
204,i_Nature
204,i_Life_skills
1296,i_Audio
1296,i_Adventure
1296,i_Culture/History
1408,i_Audio
1408,i_Adventure
1408,i_Culture/History
1348,i_Audio
1348,i_Adventure
1348,i_Culture/History
1631,i_Adventure
1631,i_Culture/History
1117,i_Audio
1117,i_Adventure
1117,i_Culture/History
1069,i_Culture/History
1069,i_Audio
1889,i_Audio
1889,i_Animal
1174,i_Audio
1174,i_Animal
312,i_Audio
312,i_Animal
477,i_Audio
477,i_Animal
740,i_Family/Friends
740,i_Sports_&_Games
255,i_Non-Fiction
158,i_Adventure
23,i_Animal
68,i_Science
68,i_Family/Friends
30,i_Life_skills
30,i_Family/Friends
434,i_Life_skills
434,i_Animal
1461,i_Family/Friends
584,i_Video
584,i_Animal
1692,i_Video
1574,i_Life_skills
1574,i_Video
1315,i_Life_skills
1315,i_Family/Friends
1701,i_Science
1701,i_Non-Fiction
689,i_Science
689,i_Non-Fiction
192,i_Science
192,i_Non-Fiction
1505,i_Life_skills
1505,i_Family/Friends
114,i_Life_skills
114,i_Non-Fiction
431,i_Life_skills
431,i_Non-Fiction
1708,i_Life_skills
1708,i_Non-Fiction
570,i_Adventure
570,i_Funny
872,i_Funny
1800,i_Adventure
1800,i_Audio
66,i_Video
66,i_Family/Friends
1141,i_Life_skills
310,i_Adventure
310,i_Animal
1027,i_Funny
1027,i_Family/Friends
957,i_Adventure
957,i_Non-Fiction
846,i_Poetry
1442,i_Adventure
1442,i_Life_skills
1621,i_Video
1621,i_Non-Fiction
867,i_Adventure
867,i_Funny
488,i_Animal
351,i_Non-Fiction
351,i_Animal
1050,i_Funny
1050,i_Family/Friends
1725,i_Family/Friends
650,i_Family/Friends
1327,i_Adventure
829,i_Video
829,i_Funny
829,i_Adventure
162,i_Video
162,i_Family/Friends
162,i_Funny
1103,i_Video
1103,i_Non-Fiction
185,i_Video
185,i_Life_skills
185,i_Adventure
630,i_Adventure
630,i_Life_skills
344,i_Adventure
344,i_Funny
625,i_Adventure
625,i_Life_skills
455,i_Adventure
455,i_Funny
1220,i_Adventure
1220,i_Life_skills
819,i_Funny
1829,i_Funny
1352,i_Non-Fiction
1056,i_Video
1056,i_Non-Fiction
1360,i_Audio
1360,i_Non-Fiction
717,i_Audio
717,i_Non-Fiction
746,i_Life_skills
1964,i_Family/Friends
154,i_Animal
113,i_Math_&_Numbers
1679,i_Animal
1899,i_Funny
1953,i_Science
372,i_Adventure
372,i_Family/Friends
723,i_Life_skills
1896,i_Life_skills
1896,i_Math_&_Numbers
1896,i_Art_and_Music
981,i_Family/Friends
664,i_Non-Fiction
606,i_Non-Fiction
606,i_Animal
755,i_Funny
1192,i_Life_skills
624,i_Science
1217,i_Audio
1217,i_Non-Fiction
1321,i_Wings_of_Words
1321,i_Animal
1483,i_Wings_of_Words
1483,i_Family/Friends
811,i_Wings_of_Words
1229,i_Wings_of_Words
104,i_Wings_of_Words
104,i_Family/Friends
1645,i_Wings_of_Words
239,i_Life_skills
239,i_Wings_of_Words
1560,i_Wings_of_Words
1560,i_Family/Friends
159,i_Wings_of_Words
159,i_Family/Friends
703,i_Life_skills
703,i_Wings_of_Words
890,i_Animal
890,i_Life_skills
890,i_Wings_of_Words
1167,i_Life_skills
1167,i_Wings_of_Words
1128,i_Wings_of_Words
1252,i_Science
1252,i_Wings_of_Words
1252,i_Non-Fiction
1647,i_Wings_of_Words
1498,i_Wings_of_Words
110,i_Life_skills
110,i_Wings_of_Words
1480,i_Wings_of_Words
374,i_Wings_of_Words
374,i_Family/Friends
1902,i_Wings_of_Words
1325,i_Wings_of_Words
362,i_Wings_of_Words
362,i_Family/Friends
1212,i_Animal
1212,i_Life_skills
1212,i_Wings_of_Words
127,i_Life_skills
127,i_Wings_of_Words
127,i_Family/Friends
501,i_Science
501,i_Animal
501,i_Wings_of_Words
820,i_Life_skills
820,i_Wings_of_Words
44,i_Life_skills
44,i_Wings_of_Words
1,i_Wings_of_Words
1720,i_Family/Friends
1293,i_Adventure
1209,i_Non-Fiction
1473,i_Life_skills
1791,i_Adventure
1336,i_Science
805,i_Math_&_Numbers
1362,i_Wings_of_Words
1817,i_Wings_of_Words
579,i_Wings_of_Words
559,i_Wings_of_Words
31,i_Wings_of_Words
542,i_Wings_of_Words
1855,i_Wings_of_Words
790,i_Wings_of_Words
790,i_Family/Friends
1324,i_Wings_of_Words
1324,i_Family/Friends
240,i_Wings_of_Words
552,i_Non-Fiction
552,i_Animal
481,i_Life_skills
331,i_Funny
331,i_Life_skills
1430,i_Math_&_Numbers
1968,i_Animal
1675,i_Family/Friends
1548,i_Family/Friends
1668,i_Animal
225,i_Life_skills
1805,i_Math_&_Numbers
1436,i_Life_skills
1337,i_Nature
1337,i_Family/Friends
908,i_Adventure
1802,i_Life_skills
1802,i_Family/Friends
839,i_Life_skills
839,i_Animal
421,i_Adventure
1187,i_Nature
1371,i_Nature
930,i_Science
396,i_Nature
1262,i_Adventure
1610,i_Wings_of_Words
1610,i_Family/Friends
1610,i_Adventure
166,i_Animal
166,i_Life_skills
166,i_Wings_of_Words
485,i_Life_skills
485,i_Wings_of_Words
485,i_Family/Friends
345,i_Wings_of_Words
1423,i_Life_skills
1423,i_Wings_of_Words
1423,i_Family/Friends
1375,i_Life_skills
1375,i_Wings_of_Words
1375,i_Family/Friends
1663,i_Wings_of_Words
1663,i_Animal
414,i_Animal
414,i_Wings_of_Words
414,i_freadom_Treasures
987,i_Wings_of_Words
1812,i_Life_skills
1870,i_Life_skills
1870,i_Wings_of_Words
1095,i_Wings_of_Words
591,i_Wings_of_Words
591,i_Animal
885,i_Wings_of_Words
223,i_Life_skills
223,i_Wings_of_Words
223,i_Adventure
1040,i_Animal
1040,i_Wings_of_Words
1040,i_Adventure
251,i_Funny
251,i_Animal
1363,i_Wings_of_Words
662,i_Animal
662,i_Life_skills
662,i_Wings_of_Words
268,i_Wings_of_Words
1722,i_Life_skills
1722,i_Wings_of_Words
1722,i_Family/Friends
532,i_Life_skills
532,i_Wings_of_Words
818,i_Wings_of_Words
818,i_Animal
998,i_Wings_of_Words
212,i_Wings_of_Words
1441,i_Wings_of_Words
328,i_Wings_of_Words
1909,i_Wings_of_Words
608,i_Wings_of_Words
186,i_Wings_of_Words
444,i_Wings_of_Words
711,i_Wings_of_Words
1604,i_Life_skills
1604,i_Wings_of_Words
1507,i_Life_skills
1507,i_Wings_of_Words
634,i_Adventure
634,i_Wings_of_Words
737,i_Wings_of_Words
737,i_Funny
737,i_Adventure
1638,i_Wings_of_Words
1606,i_Life_skills
1606,i_Wings_of_Words
1606,i_Funny
1712,i_Wings_of_Words
1494,i_Wings_of_Words
180,i_Wings_of_Words
767,i_Wings_of_Words
1967,i_Wings_of_Words
1006,i_Adventure
1006,i_Wings_of_Words
670,i_Wings_of_Words
1457,i_Animal
1457,i_Life_skills
1457,i_Wings_of_Words
10,i_Wings_of_Words
10,i_Animal
810,i_Wings_of_Words
1108,i_Wings_of_Words
643,i_Life_skills
643,i_Wings_of_Words
945,i_Wings_of_Words
838,i_Wings_of_Words
1646,i_Wings_of_Words
17,i_Wings_of_Words
694,i_Culture/History
694,i_Art_and_Music
1585,i_Science
1585,i_Animal
883,i_Wings_of_Words
59,i_Wings_of_Words
59,i_Family/Friends
1822,i_Wings_of_Words
1704,i_Adventure
1704,i_Wings_of_Words
1824,i_Wings_of_Words
361,i_Wings_of_Words
569,i_Wings_of_Words
947,i_Wings_of_Words
947,i_Non-Fiction
827,i_Life_skills
827,i_Wings_of_Words
827,i_Family/Friends
231,i_Wings_of_Words
233,i_Wings_of_Words
1510,i_Wings_of_Words
1772,i_Wings_of_Words
1452,i_Wings_of_Words
1632,i_Wings_of_Words
495,i_Wings_of_Words
1842,i_Wings_of_Words
1061,i_Wings_of_Words
56,i_Wings_of_Words
826,i_Wings_of_Words
83,i_Wings_of_Words
90,i_Wings_of_Words
1868,i_Wings_of_Words
447,i_Life_skills
447,i_Wings_of_Words
447,i_Family/Friends
1511,i_Wings_of_Words
265,i_Wings_of_Words
1231,i_Wings_of_Words
230,i_Wings_of_Words
1131,i_Wings_of_Words
25,i_Life_skills
25,i_Wings_of_Words
741,i_Wings_of_Words
1182,i_Wings_of_Words
1347,i_Wings_of_Words
1338,i_Wings_of_Words
1941,i_Wings_of_Words
1440,i_Wings_of_Words
1477,i_Life_skills
1477,i_Family/Friends
691,i_Life_skills
691,i_Family/Friends
1462,i_Science
1462,i_Life_skills
939,i_Nature
939,i_Life_skills
1346,i_Science
1346,i_Non-Fiction
1388,i_Science
1151,i_Science
1151,i_Animal
1788,i_Math_&_Numbers
1788,i_Animal
1733,i_Math_&_Numbers
1733,i_Life_skills
597,i_Animal
167,i_Life_skills
167,i_Family/Friends
512,i_Life_skills
512,i_Family/Friends
1489,i_Funny
1489,i_Family/Friends
791,i_Adventure
791,i_Family/Friends
1608,i_Science
1608,i_Life_skills
1573,i_Math_&_Numbers
1573,i_Life_skills
408,i_Science
276,i_Life_skills
276,i_Family/Friends
747,i_Life_skills
747,i_Family/Friends
1446,i_Nature
1446,i_Non-Fiction
967,i_Life_skills
1249,i_Animal
118,i_Family/Friends
118,i_Funny
118,i_Culture/History
309,i_Family/Friends
309,i_Funny
309,i_Culture/History
1032,i_Non-Fiction
188,i_Non-Fiction
564,i_Life_skills
1073,i_Life_skills
1073,i_Family/Friends
1923,i_Non-Fiction
1333,i_Family/Friends
1333,i_Funny
1333,i_Culture/History
220,i_Science
1044,i_Culture/History
1044,i_Non-Fiction
1198,i_Adventure
1198,i_Life_skills
1624,i_Life_skills
1624,i_Family/Friends
258,i_Life_skills
258,i_Family/Friends
1139,i_Life_skills
1139,i_Family/Friends
1387,i_Life_skills
1387,i_Family/Friends
1612,i_Life_skills
1612,i_Non-Fiction
760,i_Life_skills
760,i_Non-Fiction
1026,i_Culture/History
54,i_Culture/History
293,i_Life_skills
293,i_Non-Fiction
1767,i_Life_skills
528,i_Culture/History
1278,i_Culture/History
1278,i_Non-Fiction
169,i_Culture/History
169,i_Non-Fiction
1864,i_Culture/History
1864,i_Non-Fiction
1038,i_Culture/History
1038,i_Non-Fiction
904,i_Culture/History
904,i_Non-Fiction
1739,i_Culture/History
1739,i_Non-Fiction
543,i_Science
543,i_Audio
222,i_Science
222,i_Audio
1349,i_Audio
1349,i_Non-Fiction
922,i_Audio
1443,i_Life_skills
999,i_Math_&_Numbers
999,i_Audio
1429,i_Science
1429,i_Audio
1516,i_Math_&_Numbers
1516,i_Audio
677,i_Family/Friends
677,i_Animal
546,i_Funny
546,i_Family/Friends
1190,i_Funny
1190,i_Animal
566,i_Funny
566,i_Life_skills
675,i_Science
675,i_Audio
184,i_Video
139,i_Funny
139,i_Life_skills
1660,i_Science
1660,i_Non-Fiction
560,i_Science
560,i_Life_skills
81,i_Nature
81,i_Non-Fiction
1241,i_Science
1241,i_Life_skills
1160,i_Video
1700,i_Audio
1700,i_Non-Fiction
679,i_Video
1414,i_Video
1414,i_Life_skills
1414,i_Funny
614,i_Life_skills
614,i_Video
869,i_Funny
869,i_Non-Fiction
748,i_Video
1515,i_Science
1515,i_Video
1497,i_Funny
1497,i_Video
816,i_Video
816,i_Animal
1623,i_Life_skills
1623,i_Video
660,i_Culture/History
660,i_Non-Fiction
78,i_Video
270,i_Audio
270,i_Wings_of_Words
798,i_Math_&_Numbers
798,i_Video
1449,i_Adventure
1449,i_Video
1592,i_Video
1236,i_Life_skills
1236,i_Video
1877,i_Life_skills
1877,i_Video
784,i_Life_skills
316,i_Science
316,i_Video
46,i_Video
46,i_Family/Friends
1814,i_Video
718,i_Video
718,i_Family/Friends
718,i_Funny
1672,i_Culture/History
1672,i_Non-Fiction
238,i_Non-Fiction
238,i_Art_and_Music
895,i_Audio
895,i_Wings_of_Words
61,i_Audio
61,i_Wings_of_Words
1169,i_Audio
1169,i_Animal
451,i_Video
451,i_Animal
1376,i_Life_skills
1376,i_Family/Friends
187,i_Math_&_Numbers
187,i_Science
989,i_Family/Friends
390,i_Life_skills
831,i_Life_skills
870,i_Video
870,i_Family/Friends
870,i_Funny
121,i_Life_skills
121,i_Non-Fiction
587,i_Adventure
587,i_Funny
1269,i_Life_skills
1269,i_Family/Friends
1463,i_Math_&_Numbers
1380,i_Adventure
1380,i_Funny
65,i_Funny
65,i_Family/Friends
1828,i_Life_skills
467,i_Life_skills
136,i_Adventure
136,i_Video
963,i_Video
1447,i_Nature
1447,i_Video
617,i_Family/Friends
1627,i_Life_skills
1627,i_Family/Friends
1297,i_Adventure
1265,i_Video
1265,i_Family/Friends
1614,i_Science
1614,i_Video
1937,i_Math_&_Numbers
1937,i_Video
556,i_Nature
556,i_Video
823,i_Life_skills
728,i_Funny
728,i_Video
1780,i_Animal
1926,i_Math_&_Numbers
1926,i_Video
825,i_Video
825,i_Non-Fiction
1736,i_Nature
1736,i_Science
1036,i_Video
1036,i_Family/Friends
1295,i_Math_&_Numbers
1295,i_Video
195,i_Math_&_Numbers
195,i_Video
299,i_Life_skills
7,i_Funny
7,i_Life_skills
1030,i_Video
1030,i_Family/Friends
934,i_Video
934,i_Family/Friends
153,i_Math_&_Numbers
153,i_Audio
519,i_Nature
519,i_Video
878,i_Funny
878,i_Video
580,i_Adventure
580,i_Video
725,i_Funny
725,i_Video
1119,i_Animal
526,i_Life_skills
526,i_Video
986,i_Video
986,i_Life_skills
986,i_Culture/History
1625,i_Math_&_Numbers
1625,i_Video
1718,i_Math_&_Numbers
1718,i_Audio
106,i_Math_&_Numbers
106,i_Audio
1951,i_Audio
1951,i_Non-Fiction
638,i_Science
638,i_Audio
640,i_Science
640,i_Audio
342,i_Culture/History
342,i_Life_skills
1874,i_Culture/History
875,i_Science
1906,i_Video
91,i_Life_skills
1519,i_Math_&_Numbers
1519,i_Art_and_Music
432,i_Math_&_Numbers
1847,i_Video
1847,i_Animal
148,i_Animal
1693,i_Funny
1693,i_Video
469,i_Funny
469,i_Video
1487,i_Math_&_Numbers
1487,i_Video
420,i_Life_skills
420,i_Video
1807,i_Math_&_Numbers
1807,i_Video
1094,i_Science
1094,i_Video
1411,i_Science
1411,i_Video
49,i_Science
49,i_Video
1052,i_Life_skills
1052,i_Video
1166,i_Family/Friends
1752,i_Funny
943,i_Audio
943,i_Wings_of_Words
1927,i_Nature
1927,i_Audio
1927,i_Wings_of_Words
1630,i_Family/Friends
256,i_Wings_of_Words
1583,i_Audio
1583,i_Animal
1583,i_freadom_Treasures
1878,i_Life_skills
1878,i_Animal
658,i_Family/Friends
1784,i_Audio
1784,i_Family/Friends
1784,i_freadom_Treasures
1466,i_Video
1466,i_Non-Fiction
334,i_Life_skills
1361,i_Audio
1361,i_Animal
1502,i_Life_skills
1285,i_Science
428,i_Science
923,i_Life_skills
783,i_Science
770,i_Audio
770,i_Animal
105,i_Nature
871,i_Funny
871,i_Animal
843,i_Science
134,i_Life_skills
1554,i_Animal
1744,i_Adventure
1795,i_Math_&_Numbers
1795,i_Video
1682,i_Animal
1589,i_Science
1589,i_Funny
1920,i_Adventure
980,i_Funny
64,i_Nature
64,i_Life_skills
1421,i_Family/Friends
1298,i_Animal
1018,i_Nature
1176,i_Family/Friends
1913,i_Family/Friends
1145,i_Adventure
1145,i_Nature
1779,i_Non-Fiction
115,i_Non-Fiction
1307,i_Math_&_Numbers
1307,i_Video
756,i_Family/Friends
1648,i_Family/Friends
1897,i_Science
671,i_Animal
970,i_Math_&_Numbers
1705,i_Non-Fiction
549,i_Science
575,i_Science
575,i_Video
1189,i_Video
1189,i_Family/Friends
384,i_Math_&_Numbers
384,i_Video
1678,i_Life_skills
1066,i_Math_&_Numbers
1066,i_Video
52,i_Life_skills
654,i_Adventure
1658,i_Life_skills
42,i_Adventure
404,i_Video
53,i_Life_skills
53,i_Video
793,i_Life_skills
1183,i_Life_skills
22,i_Science
1149,i_Video
1149,i_Family/Friends
1534,i_Science
975,i_Animal
1629,i_Science
1629,i_Video
1016,i_Life_skills
702,i_Animal
1215,i_Animal
439,i_Family/Friends
1689,i_Family/Friends
206,i_Life_skills
262,i_Funny
1529,i_Life_skills
1529,i_Video
500,i_Funny
245,i_Animal
245,i_Poetry
1750,i_Nature
1222,i_Art_and_Music
1113,i_Adventure
769,i_Life_skills
126,i_Science
473,i_Non-Fiction
325,i_Math_&_Numbers
242,i_Family/Friends
1958,i_Video
1958,i_Family/Friends
1820,i_Non-Fiction
1226,i_Poetry
1019,i_Family/Friends
639,i_Animal
147,i_Family/Friends
886,i_Adventure
143,i_Life_skills
708,i_Animal
1373,i_Life_skills
8,i_Adventure
8,i_Video
1074,i_Life_skills
129,i_Life_skills
445,i_Science
1783,i_Science
1777,i_Life_skills
1790,i_Life_skills
1754,i_Family/Friends
511,i_Family/Friends
522,i_Life_skills
1552,i_Animal
197,i_Science
813,i_Nature
1339,i_Family/Friends
1757,i_Family/Friends
1076,i_Adventure
1787,i_Adventure
786,i_Life_skills
1888,i_Life_skills
832,i_Life_skills
876,i_Life_skills
876,i_Poetry
1525,i_Life_skills
69,i_Funny
577,i_Family/Friends
241,i_Animal
1171,i_Poetry
358,i_Adventure
1643,i_Family/Friends
338,i_Math_&_Numbers
539,i_Life_skills
1129,i_Animal
399,i_Adventure
1776,i_Life_skills
1776,i_Video
346,i_Life_skills
1067,i_Life_skills
915,i_Science
915,i_Video
1823,i_Life_skills
450,i_Adventure
37,i_Science
607,i_Adventure
1331,i_Life_skills
460,i_Animal
1417,i_Poetry
453,i_Science
1467,i_Animal
202,i_Science
888,i_Life_skills
773,i_Animal
379,i_Life_skills
722,i_Family/Friends
722,i_Poetry
914,i_Life_skills
1686,i_Science
1248,i_Life_skills
852,i_Science
956,i_Life_skills
956,i_Video
1107,i_Science
80,i_Funny
1305,i_Science
724,i_Video
724,i_Animal
874,i_Life_skills
926,i_Video
926,i_Poetry
1022,i_Funny
1503,i_Life_skills
458,i_Life_skills
1341,i_Life_skills
1341,i_Video
856,i_Adventure
1328,i_Science
271,i_Life_skills
738,i_Life_skills
738,i_Video
389,i_Adventure
1860,i_Life_skills
966,i_Adventure
1309,i_Science
695,i_Life_skills
286,i_Family/Friends
1257,i_Science
1257,i_Video
160,i_Science
160,i_Video
1742,i_Math_&_Numbers
228,i_Video
228,i_Family/Friends
47,i_Science
1413,i_Video
1413,i_Family/Friends
1651,i_Animal
761,i_Funny
761,i_Video
51,i_Family/Friends
1861,i_Family/Friends
544,i_Science
544,i_Video
518,i_Animal
518,i_Poetry
802,i_Life_skills
1538,i_Life_skills
1538,i_Video
1133,i_Life_skills
1133,i_Video
535,i_Adventure
1719,i_Science
33,i_Life_skills
824,i_Adventure
605,i_Family/Friends
1048,i_Family/Friends
161,i_Nature
1161,i_Video
1161,i_Family/Friends
1743,i_Life_skills
1743,i_Video
1085,i_Life_skills
1085,i_Video
1485,i_Life_skills
1485,i_Video
1852,i_Science
1213,i_Life_skills
1213,i_Video
1737,i_Family/Friends
102,i_Life_skills
1185,i_Nature
578,i_Nature
978,i_Animal
1383,i_Family/Friends
1875,i_Adventure
1875,i_Video
144,i_Family/Friends
1711,i_Funny
1711,i_Video
430,i_Family/Friends
120,i_Life_skills
1845,i_Life_skills
1845,i_Video
1221,i_Animal
1456,i_Funny
1456,i_Video
446,i_Family/Friends
371,i_Family/Friends
141,i_Video
141,i_Family/Friends
1696,i_Family/Friends
474,i_Family/Friends
1062,i_Family/Friends
1723,i_Life_skills
902,i_Funny
962,i_Life_skills
673,i_Nature
203,i_Family/Friends
1445,i_Life_skills
1445,i_Video
635,i_Family/Friends
1753,i_Animal
1110,i_Animal
1939,i_Life_skills
705,i_Life_skills
1918,i_Life_skills
721,i_Adventure
771,i_Festivals
730,i_Animal
1427,i_Adventure
1427,i_Video
1655,i_Nature
1214,i_Video
710,i_Animal
183,i_Video
183,i_Animal
1354,i_Adventure
1884,i_Video
1884,i_Family/Friends
137,i_Life_skills
92,i_Nature
92,i_Video
1202,i_Funny
1946,i_Animal
541,i_Animal
1806,i_Funny
1806,i_Video
122,i_Video
122,i_Family/Friends
621,i_Life_skills
1765,i_Video
1765,i_Animal
1588,i_Nature
1588,i_Video
565,i_Funny
1839,i_Funny
1839,i_Life_skills
226,i_Life_skills
150,i_Family/Friends
858,i_Animal
1193,i_Adventure
1193,i_Video
822,i_Life_skills
1881,i_Adventure
732,i_Math_&_Numbers
1394,i_Animal
1575,i_Animal
1274,i_Life_skills
1432,i_Animal
629,i_Animal
130,i_Animal
405,i_Funny
1866,i_Adventure
1412,i_Funny
1794,i_Family/Friends
1303,i_Life_skills
1303,i_Animal
219,i_Nature
425,i_Animal
651,i_Family/Friends
1810,i_Nature
1707,i_Animal
1020,i_Adventure
1392,i_Adventure
459,i_Funny
359,i_Family/Friends
777,i_Life_skills
1312,i_Animal
221,i_Animal
1837,i_Family/Friends
644,i_Animal
1801,i_Adventure
850,i_Adventure
1553,i_Animal
889,i_Life_skills
1947,i_Animal
743,i_Family/Friends
478,i_Life_skills
594,i_Family/Friends
1544,i_Life_skills
392,i_Animal
1635,i_Life_skills
1838,i_Family/Friends
1075,i_Life_skills
976,i_Funny
971,i_Adventure
94,i_Culture/History
1431,i_Nature
1273,i_Poetry
1138,i_Funny
411,i_freadom_WRITERS
537,i_Funny
958,i_Adventure
181,i_Wings_of_Words
1761,i_Animal
763,i_Animal
1799,i_Adventure
1091,i_Adventure
1569,i_Animal
665,i_Animal
719,i_Family/Friends
1690,i_Adventure
1862,i_Animal
1311,i_Adventure
1751,i_Science
1751,i_Video
681,i_Animal
1345,i_Adventure
152,i_Animal
1244,i_Science
103,i_Animal
1848,i_Animal
1935,i_Life_skills
1935,i_Video
296,i_Life_skills
296,i_Video
1910,i_Science
1910,i_Video
1124,i_Science
1124,i_Video
1271,i_Video
1271,i_Animal
616,i_Science
616,i_Video
1740,i_Nature
1740,i_Video
941,i_Science
1843,i_Adventure
1843,i_Audio
490,i_Adventure
1395,i_Adventure
304,i_Family/Friends
1245,i_Science
259,i_Math_&_Numbers
259,i_Video
466,i_Video
1284,i_Life_skills
1284,i_Video
332,i_Funny
332,i_Video
16,i_Animal
1049,i_Funny
1049,i_Video
287,i_Life_skills
1590,i_Math_&_Numbers
1590,i_Non-Fiction
483,i_Animal
124,i_Adventure
1143,i_Life_skills
278,i_Animal
1109,i_Animal
1578,i_Animal
1099,i_Non-Fiction
1637,i_Animal
1393,i_Animal
1082,i_Funny
1082,i_Video
554,i_Animal
1605,i_Animal
387,i_Animal
1134,i_Animal
308,i_Life_skills
308,i_Animal
1219,i_Life_skills
1219,i_Animal
1537,i_Art_and_Music
521,i_Life_skills
1735,i_Adventure
1263,i_Life_skills
1694,i_Life_skills
1694,i_Animal
368,i_Life_skills
368,i_Animal
1240,i_Life_skills
1240,i_Animal
1628,i_Life_skills
1602,i_Life_skills
253,i_Life_skills
253,i_Video
1123,i_Life_skills
1123,i_Video
1997,i_freadom_WRITERS
2095,i_freadom_WRITERS
2028,i_freadom_WRITERS
2120,i_freadom_WRITERS
2044,i_freadom_WRITERS
2117,i_Animal
2051,i_Life_skills
2051,i_Video
2140,i_Life_skills
2140,i_Video
2040,i_Life_skills
2040,i_Video
2058,i_Video
2058,i_Family/Friends
2085,i_Video
2085,i_Family/Friends
2145,i_Video
2145,i_Animal
2094,i_Video
2094,i_Family/Friends
2151,i_Life_skills
2151,i_Video
2032,i_Video
2032,i_Animal
2086,i_Life_skills
2086,i_Video
2078,i_Life_skills
2078,i_Video
2030,i_Life_skills
1980,i_freadom_WRITERS
2037,i_freadom_WRITERS
2087,i_freadom_WRITERS
2020,i_Science
2125,i_Animal
2119,i_Family/Friends
2064,i_Video
2064,i_Family/Friends
2010,i_Science
2107,i_Science
2116,i_Science
2016,i_Science
2126,i_Animal
2110,i_Animal
2013,i_Funny
2046,i_Video
2046,i_Animal
1999,i_Life_skills
2147,i_Life_skills
2123,i_freadom_WRITERS
2080,i_freadom_WRITERS
2105,i_Science
2049,i_Video
2049,i_Animal
2131,i_Video
2131,i_Animal
2069,i_Animal
2143,i_Animal
2017,i_Animal
2048,i_Science
2022,i_Adventure
2029,i_Adventure
2106,i_Life_skills
2079,i_Life_skills
2077,i_Video
2077,i_Poetry
2070,i_Animal
2055,i_Video
2055,i_Animal
2034,i_Art_and_Music
2135,i_Animal
1983,i_Science
1983,i_Video
1998,i_Science
1998,i_Video
2059,i_Animal
2118,i_Family/Friends
2002,i_Video
2002,i_Poetry
2155,i_Science
2056,i_Science
2054,i_Video
2023,i_Life_skills
2023,i_Video
2047,i_Science
2139,i_Animal
2073,i_Video
2073,i_Animal
1995,i_Funny
1995,i_Video
2154,i_Funny
2154,i_Video
2153,i_Culture/History
1987,i_freadom_WRITERS
1985,i_freadom_WRITERS
2144,i_Video
2144,i_freadom_WRITERS
2100,i_Wings_of_Words
2071,i_Nature
2083,i_Animal
2141,i_Family/Friends
2066,i_Animal
2012,i_Animal
2061,i_Funny
2061,i_Video
2148,i_Funny
2148,i_Video
2137,i_Animal
2136,i_Animal
2045,i_Family/Friends
2152,i_Life_skills
2090,i_freadom_WRITERS
2122,i_Video
2122,i_Animal
2060,i_Video
2060,i_Animal
2014,i_Funny
2142,i_Animal
2138,i_Animal
2062,i_Life_skills
2113,i_freadom_WRITERS
2053,i_freadom_WRITERS
2031,i_Poetry
1978,i_Video
1978,i_Animal
2035,i_Family/Friends
2091,i_Life_skills
2091,i_Video
2011,i_Science
2111,i_Funny
1977,i_Life_skills
2115,i_Video
2115,i_Animal
2114,i_Life_skills
2097,i_Family/Friends
2084,i_Life_skills
2000,i_Wings_of_Words
2008,i_Wings_of_Words
2096,i_Animal
2043,i_Animal
1976,i_Science
2089,i_Family/Friends
2128,i_Funny
2067,i_Funny
2132,i_Funny
2133,i_freadom_WRITERS
2005,i_freadom_WRITERS
2025,i_Science
2025,i_Video
2050,i_Video
2050,i_Animal
2036,i_Life_skills
2129,i_Animal
2150,i_Video
2150,i_Family/Friends
2018,i_Adventure
2024,i_Science
2130,i_Adventure
2072,i_Video
2072,i_Animal
2088,i_Life_skills
2015,i_Animal
2065,i_Video
2065,i_Family/Friends
1996,i_Science
2146,i_freadom_WRITERS
2057,i_Family/Friends
2092,i_Life_skills
2021,i_Family/Friends
2149,i_Sports_&_Games
2003,i_Festivals
2003,i_Video
2004,i_Life_skills
1992,i_Life_skills
2103,i_freadom_WRITERS
2134,i_Video
2134,i_Family/Friends
1991,i_Video
1991,i_Animal
2041,i_Video
2041,i_Family/Friends
2027,i_Nature
2042,i_Funny
2042,i_Video
2063,i_Video
2063,i_Family/Friends
2093,i_Life_skills
2099,i_Funny
2099,i_Video
1994,i_Life_skills
2006,i_Adventure
2006,i_Funny
2009,i_Animal
2098,i_Life_skills
1989,i_Animal
2075,i_Animal
2039,i_Animal
2124,i_Animal
2081,i_Animal
2127,i_Life_skills
2127,i_Video
2112,i_Life_skills
2112,i_Video
2038,i_freadom_WRITERS
1982,i_freadom_WRITERS
2068,i_Funny
2068,i_Video
1986,i_Funny
1986,i_Video
2108,i_Video
2108,i_Family/Friends
2001,i_Sports_&_Games
2121,i_Sports_&_Games
2019,i_Funny
2052,i_Animal
2109,i_Adventure
2076,i_Animal
1981,i_Funny
2102,i_Family/Friends
1979,i_Adventure
1993,i_Adventure
2082,i_Art_and_Music
1984,i_Family/Friends
2101,i_Family/Friends
2007,i_Family/Friends
2074,i_Family/Friends
2026,i_Adventure
2033,i_freadom_Treasures
1988,i_Life_skills
2104,i_Life_skills
1990,i_Nature
2268,i_Family/Friends
2442,i_Animal
2427,i_Animal
2319,i_freadom_Treasures
2521,i_Sports_&_Games
2226,i_Nature
2351,i_Family/Friends
2351,i_freadom_WRITERS
2350,i_Poetry
2512,i_Animal
2408,i_Family/Friends
2416,i_freadom_Treasures
2189,i_Animal
2304,i_Life_skills
2489,i_Animal
2307,i_freadom_Treasures
2204,i_freadom_Treasures
2179,i_Sports_&_Games
2285,i_freadom_Treasures
2301,i_Animal
2196,i_Animal
2497,i_Life_skills
2205,i_Life_skills
2501,i_freadom_Treasures
2356,i_freadom_WRITERS
2352,i_Life_skills
2525,i_freadom_WRITERS
2520,i_Animal
2178,i_Animal
2303,i_freadom_Treasures
2251,i_Life_skills
2200,i_freadom_Treasures
2241,i_Family/Friends
2342,i_Animal
2467,i_Funny
2467,i_Animal
2491,i_Life_skills
2385,i_Life_skills
2385,i_Video
2191,i_Science
2418,i_freadom_WRITERS
2283,i_Funny
2283,i_Video
2312,i_Life_skills
2353,i_Funny
2220,i_Family/Friends
2271,i_Math_&_Numbers
2206,i_Math_&_Numbers
2192,i_Science
2269,i_Adventure
2269,i_Animal
2393,i_freadom_WRITERS
2377,i_freadom_WRITERS
2159,i_Animal
2282,i_Math_&_Numbers
2282,i_Video
2355,i_Animal
2289,i_Life_skills
2376,i_freadom_Treasures
2256,i_Math_&_Numbers
2199,i_Life_skills
2441,i_Life_skills
2239,i_Math_&_Numbers
2239,i_Video
2448,i_freadom_Treasures
2308,i_Science
2308,i_Video
2459,i_Nature
2464,i_Culture/History
2322,i_Family/Friends
2392,i_Non-Fiction
2261,i_Science
2165,i_freadom_Treasures
2375,i_freadom_Treasures
2395,i_freadom_WRITERS
2213,i_freadom_WRITERS
2399,i_freadom_Treasures
2451,i_Animal
2415,i_Adventure
2466,i_freadom_Treasures
2389,i_Sports_&_Games
2222,i_Life_skills
2413,i_Animal
2302,i_Poetry
2229,i_Family/Friends
2511,i_Life_skills
2475,i_Life_skills
2254,i_Life_skills
2167,i_Life_skills
2240,i_Life_skills
2394,i_Funny
2486,i_Life_skills
2323,i_Adventure
2323,i_Video
2173,i_Animal
2380,i_Funny
2519,i_Life_skills
2387,i_Life_skills
2183,i_freadom_Treasures
2177,i_Funny
2524,i_Funny
2225,i_Culture/History
2270,i_Funny
2223,i_Animal
2330,i_Animal
2383,i_freadom_Treasures
2487,i_Nature
2233,i_Nature
2482,i_Math_&_Numbers
2211,i_Math_&_Numbers
2457,i_Nature
2367,i_Funny
2424,i_Funny
2365,i_freadom_Treasures
2503,i_Poetry
2340,i_Funny
2259,i_Funny
2288,i_freadom_Treasures
2453,i_freadom_WRITERS
2186,i_Nature
2186,i_Video
2325,i_Life_skills
2400,i_Life_skills
2341,i_Animal
2157,i_Poetry
2276,i_Life_skills
2314,i_Family/Friends
2429,i_Non-Fiction
2214,i_Non-Fiction
2210,i_Life_skills
2247,i_freadom_WRITERS
2360,i_freadom_WRITERS
2450,i_Family/Friends
2349,i_Family/Friends
2458,i_Animal
2237,i_Life_skills
2403,i_Life_skills
2445,i_freadom_Treasures
2309,i_Life_skills
2513,i_Life_skills
2280,i_Funny
2402,i_Adventure
2456,i_Adventure
2443,i_Culture/History
2287,i_freadom_Treasures
2297,i_Animal
2468,i_Life_skills
2243,i_freadom_WRITERS
2509,i_freadom_WRITERS
2517,i_freadom_WRITERS
2166,i_Family/Friends
2379,i_Video
2379,i_Animal
2203,i_Life_skills
2523,i_Life_skills
2329,i_Nature
2359,i_Nature
2317,i_Life_skills
2317,i_Video
2406,i_Animal
2398,i_Video
2398,i_Animal
2500,i_Animal
2258,i_Life_skills
2201,i_Life_skills
2471,i_Life_skills
2338,i_freadom_Treasures
2435,i_freadom_WRITERS
2176,i_freadom_WRITERS
2498,i_Audio
2498,i_freadom_WRITERS
2252,i_Family/Friends
2368,i_Family/Friends
2215,i_Family/Friends
2461,i_Family/Friends
2345,i_Life_skills
2209,i_Life_skills
2440,i_Life_skills
2316,i_Life_skills
2315,i_Life_skills
2354,i_freadom_Treasures
2228,i_Festivals
2228,i_Video
2232,i_Animal
2516,i_Life_skills
2332,i_Life_skills
2439,i_Life_skills
2264,i_Family/Friends
2480,i_Non-Fiction
2260,i_freadom_Treasures
2212,i_freadom_WRITERS
2381,i_freadom_WRITERS
2452,i_Animal
2374,i_Animal
2320,i_Nature
2477,i_freadom_Treasures
2505,i_Non-Fiction
2262,i_Video
2262,i_Non-Fiction
2344,i_Science
2305,i_Festivals
2430,i_freadom_Treasures
2333,i_freadom_WRITERS
2378,i_freadom_WRITERS
2175,i_Animal
2454,i_Animal
2310,i_Family/Friends
2473,i_Animal
2253,i_Animal
2363,i_Life_skills
2449,i_Culture/History
2300,i_Non-Fiction
2481,i_Festivals
2481,i_Video
2227,i_Festivals
2227,i_Video
2162,i_Festivals
2162,i_Video
2465,i_Festivals
2447,i_freadom_WRITERS
2163,i_Family/Friends
2514,i_Video
2514,i_Animal
2171,i_Animal
2409,i_Family/Friends
2425,i_Animal
2279,i_freadom_Treasures
2185,i_Family/Friends
2508,i_Animal
2390,i_Non-Fiction
2218,i_Non-Fiction
2242,i_freadom_Treasures
2506,i_freadom_Treasures
2290,i_freadom_WRITERS
2336,i_freadom_WRITERS
2219,i_freadom_WRITERS
2272,i_Animal
2328,i_Life_skills
2328,i_Video
2504,i_Life_skills
2431,i_Video
2431,i_Animal
2160,i_Life_skills
2335,i_Video
2335,i_Family/Friends
2245,i_Life_skills
2198,i_freadom_WRITERS
2313,i_freadom_WRITERS
2275,i_freadom_WRITERS
2348,i_freadom_WRITERS
2298,i_freadom_WRITERS
2396,i_Life_skills
2277,i_Video
2277,i_Animal
2462,i_Funny
2274,i_Animal
2311,i_Life_skills
2263,i_Animal
2158,i_Life_skills
2267,i_Animal
2221,i_Family/Friends
2469,i_Family/Friends
2373,i_Family/Friends
2492,i_Animal
2436,i_freadom_Treasures
2168,i_freadom_Treasures
2518,i_Animal
2357,i_Video
2357,i_Animal
2190,i_Culture/History
2190,i_Video
2161,i_Life_skills
2161,i_Video
2236,i_Science
2255,i_Animal
2434,i_Animal
2266,i_freadom_Treasures
2421,i_freadom_Treasures
2278,i_Life_skills
2470,i_Life_skills
2405,i_Funny
2235,i_freadom_Treasures
2474,i_freadom_Treasures
2369,i_freadom_Treasures
2420,i_freadom_Treasures
2249,i_freadom_Treasures
2181,i_freadom_Treasures
2234,i_freadom_WRITERS
2273,i_freadom_WRITERS
2295,i_freadom_WRITERS
2476,i_freadom_WRITERS
2366,i_Life_skills
2411,i_Life_skills
2202,i_Animal
2248,i_freadom_Treasures
2188,i_Animal
2485,i_Family/Friends
2438,i_Non-Fiction
2180,i_freadom_Treasures
2230,i_freadom_Treasures
2446,i_freadom_Treasures
2484,i_Animal
2217,i_Life_skills
2428,i_freadom_Treasures
2250,i_freadom_WRITERS
2244,i_freadom_WRITERS
2401,i_freadom_WRITERS
2324,i_freadom_WRITERS
2488,i_freadom_WRITERS
2455,i_freadom_WRITERS
2246,i_Family/Friends
2495,i_Animal
2291,i_Animal
2386,i_freadom_Treasures
2331,i_freadom_Treasures
2296,i_freadom_Treasures
2437,i_freadom_Treasures
2337,i_freadom_Treasures
2339,i_Family/Friends
2216,i_freadom_Treasures
2417,i_freadom_Treasures
2208,i_freadom_Treasures
2169,i_freadom_Treasures
2472,i_Life_skills
2364,i_Nature
2372,i_freadom_WRITERS
2423,i_freadom_WRITERS
2479,i_freadom_WRITERS
2388,i_freadom_WRITERS
2156,i_Video
2156,i_Family/Friends
2321,i_Adventure
2164,i_Video
2164,i_Family/Friends
2391,i_Animal
2358,i_freadom_Treasures
2362,i_Life_skills
2362,i_Video
2404,i_Video
2432,i_Life_skills
2432,i_Video
2155,i_Life_skills
2343,i_Life_skills
2170,i_freadom_Treasures
2281,i_freadom_Treasures
2306,i_Funny
2286,i_freadom_WRITERS
2419,i_freadom_WRITERS
2422,i_freadom_WRITERS
2327,i_freadom_WRITERS
2174,i_Animal
2193,i_Family/Friends
2299,i_freadom_Treasures
2299,i_Family/Friends
2257,i_freadom_Treasures
2257,i_Family/Friends
2410,i_freadom_Treasures
2410,i_Nature
2197,i_freadom_Treasures
2197,i_Funny
2346,i_freadom_Treasures
2346,i_Funny
2371,i_freadom_Treasures
2371,i_Funny
2502,i_freadom_Treasures
2502,i_Funny
2412,i_freadom_Treasures
2412,i_Life_skills
2231,i_freadom_Treasures
2231,i_Life_skills
2265,i_freadom_Treasures
2265,i_Adventure
2326,i_freadom_Treasures
2433,i_freadom_Treasures
2194,i_Animal
2426,i_Nature
2370,i_Family/Friends
2444,i_Life_skills
2463,i_Adventure
2499,i_Life_skills
2284,i_freadom_Treasures
2284,i_Life_skills
2384,i_Adventure
2224,i_Adventure
2361,i_freadom_WRITERS
2526,i_freadom_Treasures
2526,i_Funny
2195,i_Math_&_Numbers
2195,i_Video
2522,i_Math_&_Numbers
2522,i_Video
2184,i_Family/Friends
2318,i_Life_skills
2414,i_Life_skills
2507,i_Funny
2382,i_Life_skills
2382,i_Video
2460,i_Life_skills
2460,i_Video
2172,i_Family/Friends
2397,i_Life_skills
2347,i_Life_skills
2483,i_Life_skills
2515,i_freadom_Treasures
2478,i_freadom_Treasures
2478,i_Funny
2207,i_Funny
2207,i_Video
2494,i_Video
2494,i_Animal
2510,i_Family/Friends
2490,i_Video
2490,i_Animal
2294,i_Animal
2238,i_Life_skills
2334,i_Culture/History
2187,i_Adventure
2187,i_Video
2407,i_Life_skills
2293,i_Family/Friends
2182,i_freadom_WRITERS
2493,i_freadom_WRITERS
2496,i_freadom_WRITERS
2292,i_freadom_WRITERS
